{
    "texture_coords": [
        [
            0.0, 
            0.0
        ], 
        [
            1.0, 
            0.0
        ], 
        [
            1.0, 
            1.0
        ], 
        [
            0.0, 
            1.0
        ], 
        [
            0.0, 
            0.0
        ], 
        [
            0.0, 
            1.0
        ], 
        [
            1.0, 
            1.0
        ], 
        [
            1.0, 
            0.0
        ]
    ], 
    "vertices": [
        [
            0.9999999403953552, 
            0.9999999403953552, 
            -1.0
        ], 
        [
            0.9999999403953552, 
            -0.9999999403953552, 
            -1.0
        ], 
        [
            -1.0000001192092896, 
            -0.9999998211860657, 
            -1.0
        ], 
        [
            -0.9999996423721313, 
            1.0000003576278687, 
            -1.0
        ], 
        [
            1.0000004768371582, 
            0.999999463558197, 
            1.0
        ], 
        [
            0.9999992847442627, 
            -1.0000005960464478, 
            1.0
        ], 
        [
            -1.0000003576278687, 
            -0.9999996423721313, 
            1.0
        ], 
        [
            -0.9999999403953552, 
            1.0, 
            1.0
        ]
    ], 
    "faces": [
        [
            4, 
            0, 
            3
        ], 
        [
            4, 
            3, 
            7
        ], 
        [
            2, 
            6, 
            7
        ], 
        [
            2, 
            7, 
            3
        ], 
        [
            1, 
            5, 
            2
        ], 
        [
            5, 
            6, 
            2
        ], 
        [
            0, 
            4, 
            1
        ], 
        [
            4, 
            5, 
            1
        ], 
        [
            4, 
            7, 
            5
        ], 
        [
            7, 
            6, 
            5
        ], 
        [
            0, 
            1, 
            2
        ], 
        [
            0, 
            2, 
            3
        ]
    ]
}