{
    "texture_coords": [
        [
            9.998001041822135e-05, 
            0.0001000693955575116
        ], 
        [
            0.00010003960051108152, 
            0.9999000430107117
        ], 
        [
            0.9999000430107117, 
            0.9999000430107117
        ], 
        [
            0.9999000430107117, 
            9.998001041822135e-05
        ]
    ], 
    "vertices": [
        [
            0.9999999403953552, 
            0.9999999403953552, 
            0.0
        ], 
        [
            0.9999999403953552, 
            -0.9999999403953552, 
            0.0
        ], 
        [
            -1.0000001192092896, 
            -0.9999998211860657, 
            0.0
        ], 
        [
            -0.9999996423721313, 
            1.0000003576278687, 
            0.0
        ]
    ], 
    "faces": [
        [
            0, 
            3, 
            2
        ], 
        [
            0, 
            2, 
            1
        ]
    ]
}